{"Ali":1.5217391304,"Greg":0.8828125,"Henry":0.6685393258,"John":0.6380133715,"Darcy":0.6111111111,"Mel":0.6074074074,"Ryan":0.602058319,"Jack":0.5808625337,"hashtagyoloswagbeef@gmail.com":0.56133829,"Rayhan":0.5555555556,"Igor":0.4879751746,"Eden":0.465,"josh.maycock@yahoo.com":0.4634146341,"Ben":0.4486404834,"Nick":0.4366347178,"Riley":0.3796296296,"Mack":0.3153310105,"Austin":0.311968236,"+12899330628":0.298245614,"Ernesto":0.25,"Krystiana":0.1948595338,"Nicole":0.1111111111,"+16475394413":0.0869565217}