{
  "Ali": 1.5909090909,
  "Greg": 0.8897637795,
  "Henry": 0.68,
  "John": 0.6467181467,
  "Darcy": 0.6179775281,
  "melaniesmyth13@gmail.com": 0.6165413534,
  "Ryan": 0.6058352403,
  "Jack": 0.5871934605,
  "hashtagyoloswagbeef@gmail.com": 0.56133829,
  "Rayhan": 0.5555555556,
  "Igor": 0.4906396256,
  "Eden": 0.4769230769,
  "josh.maycock@yahoo.com": 0.4634146341,
  "Ben": 0.4548929664,
  "Nick": 0.4371002132,
  "Riley": 0.382726503,
  "+14167995612": 0.3198594025,
  "Austin": 0.3151862464,
  "+12899330628": 0.298245614,
  "Ernesto": 0.2545454545,
  "Krystiana": 0.1950927588,
  "Nicole": 0.1111111111,
  "+16475394413": 0.0869565217
}